est,est,sum,VA,s3436,,VaN
est,est,e'do,VA,e0094,,VmN
non,non,non,I,n9508,,X--
quod,quod,qui,PR,q9410,,P7-
in,in,eo,VA,e0655,,VmN
in,in,in,I,i0702,,X--
sed,sed,se,PR,s0844,,Px-
sed,sed,sed,I,s0902,,X--
sed,sed,sine,I,s1737,,X--
uel,uel,uel,I,u0219,,X--
de,de,d,I,d0001,,X--
de,de,de,I,d0071,,X--
enim,enim,enim,I,e0594,,X--
et,et,et,I,e0997,,X--
uero,uero,uero,N3B,u0411,m,NcC
uero,uero,uerus,N2/1,u0469,*,Af-
uero,uero,uero,V1,u0410,,VmF
uero,uero,ue'rum,N2,u0462,n,NcB
uero,uero,uerus,N2/1,u0469,*,Af-
uero,uero,ue"rum,N2,u8133,n,NcB
uero,uero,uerus,N2,88920,m,NpB
ut,ut,ut,I,u1318,,X--
ad,ad,ad,I,a0479,,X--
ad,ad,at,I,a0547,,X--
ad,ad,ad,I,1580,,X--
quae,quae,quis,PR,q0198,,P4-
quae,quae,qui,PR,q9410,,P7-
esse,esse,e'do,VA,e0094,,VmN
esse,esse,sum,VA,s3436,,VaN
esse,esse,e'do,VA,e0094,,VmN
deus,deus,deus,N2,d1193,m,NcB
deus,deus,deus,N2,24808,m,NpB
deus,deus,deo,N4,24201,f,NpD
idem,idem,idem,PR,i2911,,P3-
dicitur,dicitur,dico,V3,d1350,,VmH
si,si,si,I,s1544,,X--
si,si,sus,N2/1,s3437,*,Af-
si,si,sus,N2/1,s3835,*,Af-
secundum,secundum,secundus,N2/1,s9990,*,Ao-
secundum,secundum,secundum,I,s9996,,X--
secundum,secundum,secundus,N2/1,s9990,*,Ao-
secundum,secundum,secundus,N2/1,74527,*,Af-
secundum,secundum,secor,V3,s1348,,VmH
secundum,secundum,sequor/-o,V3,s1348,,VmH
secundum,secundum,secor,V3,s1348,,VmH
secundum,secundum,sequor/-o,V3,s1348,,VmH
ex,ex,ex,I,e1167,,X--
sit,sit,sum,VA,s3436,,VaN
deo,deo,deo,N4,24201,f,NpD
deo,deo,deus,N2,d1193,m,NcB
deo,deo,deus,N2,24808,m,NpB
nam,nam,nam,I,n0007,,X--
hoc,hoc,hic,PR,h0360,,Py-
id,id,et,I,e0997,,X--
id,id,is,PR,i2912,,P3-
ita,ita,ita,I,i2955,,X--
ita,ita,eo,VA,e0655,,VmN
ita,ita,ito,V1,i2974,,VmF
ita,ita,iton,N2,i2975,n,NcB
sunt,sunt,sum,VA,s3436,,VaN
atque,atque,atque,I,a3301,,X--
atque,atque,ad,I,a0479,,X--
atque,atque,at,I,a0547,,X--
potest,potest,possum,VA,p2697,,VmN
cum,cum,cum,I,c4579,,X--
cum,cum,cum,I,c4584,,X--
eo,eo,eo,N4,29022,f,NpD
eo,eo,eo,VA,e0655,,VmN
eo,eo,is,PR,i2912,,P3-
qua,qua,quis,PR,q0198,,P4-
qua,qua,qui,PR,q9410,,P7-
qui,qui,queo,VA,q0178,,VmN
qui,qui,quis,PR,q0198,,P4-
qui,qui,qui,PR,q9410,,P7-
ac,ac,atque,I,a3301,,X--
homo,homo,homo,N3B,h0518,m,NcC
homo,homo,homo,N3B,38502,m,NpC
igitur,igitur,igitur,I,i0118,,X--
ipsum,ipsum,ipse,PR,i2780,*,P3-
ipsum,ipsum,ipsos,N2,44059,f,NpB
neque,neque,neque,I,n9758,,X--
neque,neque,ne,I,n0130,,X--
neque,neque,ne,I,n0131,,X--
neque,neque,neo,V2,n0211,,VmG
quidem,quidem,quidem,I,q0201,,X--
quo,quo,quis,PR,q0198,,P4-
quo,quo,qui,PR,q9410,,P7-
aliquid,aliquid,aliquis,PR,a9220,,Pu-
haec,haec,hic,PR,h0360,,Py-
pater,pater,pater,N3B,p0550,m,NcC
pater,pater,pater,N3B,60301,m,NpC
quasi,quasi,quasi,I,q0149,,X--
substantia,substantia,substantia,N1,s7603,f,NcA
substantia,substantia,substo,V1,s6133,,VmF
materia,materia,materia,N1,m0451,f,NcA
materia,materia,materio/-or,V1,m0456,,VmF
materia,materia,materia,N1,50436,f,NpA
se,se,se,PR,s0844,,Px-
se,se,sine,I,s1737,,X--
se,se,sus,N2/1,s3437,*,Af-
se,se,sus,N2/1,s3835,*,Af-
filius,filius,filius,N2/1,33156,*,Af-
filius,filius,filius,N2,f0538,m,NcB
filius,filius,filius,N2/1,33156,*,Af-
modo,modo,modo,I,m9610,,X--
modo,modo,modus,N2,m1190,m,NcB
semper,semper,semper,I,s1187,,X--
unum,unum,unus,N2/1,u1136,*,An-
facit,facit,facio,V5,f0048,,VmM
iustus,iustus,iustus,N2/1,i3087,*,Af-
iustus,iustus,iustus,N2/1,45026,*,Af-
numero,numero,numero,I,n0659,,X--
numero,numero,numero,V1,n0658,,VmF
numero,numero,numerus,N2,n0662,m,NcB
praedicatur,praedicatur,praedico,V1,p2928,,VmF
praedicatur,praedicatur,praedico,V3,p2929,,VmH
quoniam,quoniam,quoniam,I,q0311,,X--
rebus,rebus,res,N5,r0497,f,NcE
unus,unus,unus,N2/1,u1136,*,An-
aliud,aliud,alius,PR,a1506,*,Pu-
forma,forma,forma,N1,f0832,f,NcA
forma,forma,formo,V1,f0857,,VmF
forma,forma,formus,N2/1,f0865,*,Af-
magnus,magnus,magnus,N2/1,m0132,*,Af-
magnus,magnus,magnus,N2/1,49232,*,Af-
nec,nec,nec,I,n0149,,X--
nihil,nihil,nihil/nihilum,PR,n0764,n,Pu-
per,per,per,I,p0865,,X--
sanctus,sanctus,sancio,V4,s0267,,VmL
spiritus,spiritus,spiritus,N4,s2214,m,NcD
ipsa,ipsa,ipse,PR,i2780,*,P3-
nulla,nulla,nullus,PR,n0776,*,Pu-
tantum,tantum,tantus,PR,t0106,*,Pu-
tantum,tantum,tantus,PR,t0106,*,Pu-
ceteris,ceteris,ceterus,N2/1,c1312,*,Au-
dictum,dictum,dico,V3,d1350,,VmH
dictum,dictum,dico,V3,d1350,,VmH
dictum,dictum,dictus,N4,d9542,m,NcD
dictum,dictum,dictum,N2,d9542,n,NcB
dictum,dictum,dicte,N1,25228,f,NpA
etiam,etiam,etiam,I,e1010,,X--
illud,illud,ille,PR,i0205,,Py-
ipse,ipse,ipse,PR,i2780,,P3-
nunc,nunc,nunc,I,n0670,,X--
omnino,omnino,omnino,I,o0714,,X--
pluralitas,pluralitas,pluralitas,N3B,p2387,f,NcC
praedicatio,praedicatio,praedicatio,N3B,p2924,f,NcC
repetitio,repetitio,repetitio,N3B,r0438,f,NcC
sol,sol,sol,N3B,s1867,m,NcC
sol,sol,sol,N3B,77007,m,NpC
substantiam,substantiam,substantia,N1,s7603,f,NcA
uelut,uelut,uelut,I,u0252,,X--
unitatum,unitatum,unitas,N3B,u1119,f,NcC
a,a,a,I,a0001,,X--
a,a,a,I,6,,X--
dici,dici,dico,V3,d1350,,VmH
ei,ei,ei,I,e0229,,X--
ei,ei,eo,VA,e0655,,VmN
ei,ei,is,PR,i2912,,P3-
eius,eius,is,PR,i2912,,P3-
his,his,hic,PR,h0360,,Py-
minime,minime,minimus,N2/1,m1031,*,Af-
motu,motu,moueo,V2,m1456,,VmG
motu,motu,motus,N4,m9800,m,NcD
praedicationem,praedicationem,praedicatio,N3B,p2924,f,NcC
rerum,rerum,res,N5,r0497,f,NcE
rursus,rursus,rursus,I,r0924,,X--
sine,sine,sine,I,s1737,,X--
sine,sine,sino,V3,s1756,,VmH
sine,sine,sinum/-us,N2,s1761,1,NcB
sine,sine,sinis,N3B,76612,m,NpC
sine,sine,si,I,s1544,,X--
sine,sine,sus,N2/1,s3437,*,Af-
sine,sine,sus,N2/1,s3835,*,Af-
tum,tum,tum,I,t1721,,X--
ubi,ubi,ubi,I,u0165,,X--
ubi,ubi,ubus,N2,86762,m,NpB
accidentibus,accidentibus,acci'do,V3,a0268,,VmH
accidentibus,accidentibus,acci"do,V3,a0269,,VmH
alter,alter,alter,PR,a1483,*,P6-
alter,alter,alto,V1,a1527,,VmF
at,at,ad,I,a0479,,X--
at,at,at,I,a0547,,X--
dexter,dexter,dexter,N2/1,d0000,*,Af-
dexter,dexter,dexter,N2,24914,m,NpB
eam,eam,is,PR,i2912,,P3-
eam,eam,eo,VA,e0655,,VmN
eodem,eodem,idem,PR,i2911,,P3-
formae,formae,forma,N1,f0832,f,NcA
formae,formae,formus,N2/1,f0865,*,Af-
intellegi,intellegi,intellego,V3,i2231,,VmH
intellegi,intellegi,intellego,V3,i2231,,VmH
loco,loco,loco,V1,l0965,,VmF
loco,loco,locus,N2,l0360,m,NcB
loco,loco,locum,N2,l0379,n,NcB
loco,loco,locus,N2,47765,m,NpB
numerus,numerus,numerus,N2,n0662,m,NcB
omni,omni,omnis,N3A,o0723,*,Au-
pluralitatem,pluralitatem,pluralitas,N3B,p2387,f,NcC
rem,rem,res,N5,r0497,f,NcE
sint,sint,sum,VA,s3436,,VaN
tres,tres,tres/-is,N3A,t1158,*,An-
uere,uere,uer,N3B,u0342,n,NcC
uere,uere,uerus,N2/1,u0469,*,Af-
uere,uere,uerus,N2,88920,m,NpB
unitas,unitas,unitas,N3B,u1119,f,NcC
unitas,unitas,unio,V4,u1111,,VmL
age,age,ago,V3,a1208,,I--
age,age,ago,V3,a1208,,VmH
constat,constat,consto,V1,c3620,,VmF
dicimus,dicimus,dico,V3,d1350,,VmH
differentia,differentia,differentia,N1,d9987,f,NcA
differentia,differentia,differo,VA,d1386,,VmN
differentia,differentia,differo,VA,d1386,,VmN
differentia,differentia,differo,VA,d1386,,VmN
differentia,differentia,differo,VA,d1386,,VmN
differentia,differentia,differo,VA,d1386,,VmN
differentia,differentia,differo,VA,d1386,,VmN
differentia,differentia,differo,VA,d1386,,VmN
differentia,differentia,differo,VA,d1386,,VmN
duo,duo,duo,N2/1,d2327,*,An-
ea,ea,is,PR,i2912,,P3-
ensis,ensis,ensis,N3B,e0626,m,NcC
ensis,ensis,ensis,N3B,e0626,m,NcC
ensis,ensis,ens,N3B,28948,m,NpC
facere,facere,facio,V5,f0048,,VmM
formam,formam,forma,N1,f0832,f,NcA
formam,formam,formus,N2/1,f0865,*,Af-
genere,genere,gener,N3B,g0163,m,NcC
genere,genere,genus,N3B,g0213,n,NcC
genere,genere,geno,V3,g0202,,VmH
gladius,gladius,gladius,N2,g0332,m,NcB
homine,homine,homo,N3B,h0518,m,NcC
homine,homine,homo,N3B,38502,m,NpC
idcirco,idcirco,idcirco,I,i0073,,X--
ideo,ideo,ideo,I,i0078,,X--
ideo,ideo,ideus,N2,39473,m,NpB
item,item,item,I,i2960,,X--
item,item,ito,V1,i2974,,VmF
materiae,materiae,materia,N1,m0451,f,NcA
materiae,materiae,materia,N1,50436,f,NpA
me,me,ego,PR,e0218,,Pq-
me,me,mas,N3B,50276,m,NpC
mucro,mucro,mucro,N3B,m1466,m,NcC
mucro,mucro,mucro,N3B,53215,m,NpC
mucro,mucro,mucrum,N2,53218,n,NpB
nisi,nisi,nisi,I,n0318,,X--
nisi,nisi,nitor,V3,n0322,,VmH
nisi,nisi,nisus,N2,55222,m,NpB
nullo,nullo,nullus,PR,n0776,*,Pu-
numerum,numerum,numerus,N2,n0662,m,NcB
possunt,possunt,possum,VA,p2697,,VmN
potius,potius,potis/-e,N3A,p2777,,Af-
potius,potius,poto,V1,p2782,,VmF
praedicari,praedicari,praedico,V1,p2928,,VmF
quam,quam,qui,PR,q9410,,P7-
quantum,quantum,quantus,PR,q0135,*,P5-
quantum,quantum,quantus,PR,q0135,*,P5-
quare,quare,qua-re,I,q9399,,X--
quem,quem,quis,PR,q0198,,P4-
quem,quem,qui,PR,q9410,,P7-
quia,quia,quia,I,q0199,,X--
quibus,quibus,quis,PR,q0198,,P4-
quibus,quibus,qui,PR,q9410,,P7-
quodque,quodque,quisque,PR,q9209,,P2-
quoque,quoque,coquo,V3,c3991,,VmH
quoque,quoque,coquus/-os,N2,c3992,m,NcB
quoque,quoque,quisque,PR,q9209,,P2-
quoque,quoque,qui,PR,q9410,,P7-
re,re,res,N5,r0497,f,NcE
re,re,reor/-eo,V2,r1257,,VmG
rei,rei,reus,N2,r0643,m,NcB
rei,rei,res,N5,r0497,f,NcE
relatio,relatio,relatio,N3B,r0327,f,NcC
seruus,seruus,seruus/-os,N2,s1432,m,NcB
seruus,seruus,seruus,N2/1,s1432,*,Af-
specie,specie,species,N5,s2098,f,NcE
tamen,tamen,tamen,I,t0084,,X--
tempus,tempus,tempus,N3B,t0008,n,NcC
tempus,tempus,tempus,N3B,t0264,n,NcC
tempus,tempus,tempus,N3B,82834,n,NpC
ubique,ubique,ubique,I,u0167,,X--
ubique,ubique,ubus,N2,86762,m,NpB
uidetur,uidetur,uideo,V2,u0626,,VmG
ultra,ultra,ultra,I,u0947,,X--
ultra,ultra,ultras,N1,86868,m,NpA
ab,ab,a,I,a0001,,X--
accidentia,accidentia,accidentia,N1,a0267,f,NcA
accidentia,accidentia,acci'do,V3,a0268,,VmH
accidentia,accidentia,acci"do,V3,a0269,,VmH
aliis,aliis,alea,N1,a1324,f,NcA
aliis,aliis,alius,PR,a1506,*,Pu-
aliis,aliis,alia,N1,4236,f,NpA
aliis,aliis,alium,N2,a1382,n,NcB
an,an,an,I,a1816,,X--
anima,anima,anima,N1,a2028,f,NcA
anima,anima,animo,V1,a2041,,VmF
anima,anima,anima,N1,6147,f,NpA
auferas,auferas,aufero,VA,a3469,,VmN
corporibus,corporibus,corpus,N3B,c4091,n,NcC
corpus,corpus,corpus,N3B,c4091,n,NcC
cuius,cuius,quis,PR,q0198,,P4-
cuius,cuius,qui,PR,q9410,,P7-
cuius,cuius,cuius,PR,c4530,*,P5-
cuncta,cuncta,cunctor/-o,V1,c4622,,VmF
cuncta,cuncta,cunctus,N2/1,c4623,*,Au-
differt,differt,differo,VA,d1386,,VmN
diuina,diuina,diuino,V1,d2039,,VmF
diuina,diuina,diuinus,N2/1,d2040,*,Af-
diuina,diuina,diuina,N1,d1457,f,NcA
diuina,diuina,diuinum,N2,d1458,n,NcB
diuina,diuina,diuina,N1,26454,f,NpA
domino,domino,dominus,N2,d0210,m,NcB
domino,domino,domino,V1,d1471,,VmF
domino,domino,dominus,N2,26686,m,NpB
eorum,eorum,is,PR,i2912,,P3-
eos,eos,is,PR,i2912,,P3-
erit,erit,sum,VA,s3436,,VaN
faciunt,faciunt,facio,V5,f0048,,VmM
formas,formas,forma,N1,f0832,f,NcA
formas,formas,formo,V1,f0857,,VmF
formas,formas,formus,N2/1,f0865,*,Af-
foro,foro,foro,V1,f0879,,VmF
foro,foro,forum,N2,f0900,n,NcB
foro,foro,forus,N2,f0901,m,NcB
foro,foro,forum,N2,33970,n,NpB
habere,habere,habeo,V2,h0004,,VmG
homines,homines,homo,N3B,h0518,m,NcC
homines,homines,homo,N3B,38502,m,NpC
humanitas,humanitas,humanitas,N3B,h0646,f,NcC
illa,illa,ille,PR,i0205,,Py-
illa,illa,hilla,N1,h0299,f,NcA
illa,illa,hillum,N2,h0301,n,NcB
illa,illa,ille,PR,i0205,*,Py-
ille,ille,ille,PR,i0205,,Py-
ille,ille,illus,N2,39865,m,NpB
indifferentia,indifferentia,indifferentia,N1,i1261,f,NcA
indifferentia,indifferentia,indifferens,N3A,i1260,*,Af-
intellectu,intellectu,intellego,V3,i2231,,VmH
intellectu,intellectu,intellectus,N4,i9893,m,NcD
inter,inter,inter,I,i2254,,X--
numerabilibus,numerabilibus,numerabilis,N3A,n0652,*,Af-
omne,omne,omnis,N3A,o0723,*,Au-
oportet,oportet,oportet,V2,o0853,,VmG
plures,plures,plures,N3A,p2389,*,Au-
praedicantur,praedicantur,praedico,V1,p2928,,VmF
praedicantur,praedicantur,praedico,V3,p2929,,VmH
qualitas,qualitas,qualitas,N3B,q0114,f,NcC
quando,quando,quando,I,q0127,,X--
quid,quid,quis,PR,q0198,,P4-
quodam,quodam,quidam,PR,q9202,,Pu-
refertur,refertur,refero,VA,r1111,,VmN
res,res,res,N5,r0497,f,NcE
res,res,reor/-eo,V2,r1257,,VmG
sinister,sinister,sinister,N2/1,s1751,*,Af-
subiecta,subiecta,subicio,V5,s2872,,VmM
subiecta,subiecta,subiecto,V1,s2877,,VmF
subiecta,subiecta,subiectum,N2,s9969,n,NcB
uobis,uobis,uos,PR,u1223,,Pq-
abest,abest,absum,VA,a0200,,VmN
abstuleris,abstuleris,abstulo,V3,a0199,,VmH
abstuleris,abstuleris,aufero,VA,a3469,,VmN
accidens,accidens,acci'do,V3,a0268,,VmH
accidens,accidens,acci"do,V3,a0269,,VmH
accidentium,accidentium,acci'do,V3,a0268,,VmH
accidentium,accidentium,acci"do,V3,a0269,,VmH
accidit,accidit,acci'do,V3,a0268,,VmH
accidit,accidit,acci'do,V3,a0268,,VmH
accidit,accidit,acci"do,V3,a0269,,VmH
accidit,accidit,acci"do,V3,a0269,,VmH
aequale,aequale,aequalis,N3A,a0915,*,Af-
aequale,aequale,aequalis,N3B,2846,m,NpC
aes,aes,aes,N3B,a1004,n,NcC
aes,aes,ais,N3B,7031,m,NpC
albedo,albedo,albedo,N3B,a1278,f,NcC
albo,albo,albo,V1,a1299,,VmF
albo,albo,albus,N2/1,a1311,*,Af-
albo,albo,album,N2,a1311,n,NcB
albo,albo,album,N2,4031,n,NpB
albo,albo,albus,N2/1,4040,*,Af-
album,album,albus,N2/1,a1311,*,Af-
album,album,album,N2,a1311,n,NcB
album,album,album,N2,4031,n,NpB
album,album,albus,N2/1,4040,*,Af-
albus,albus,albus,N2/1,a1311,*,Af-
albus,albus,albus,N2/1,4040,*,Af-
aliae,aliae,alea,N1,a1324,f,NcA
aliae,aliae,alius,PR,a1506,*,Pu-
aliae,aliae,alia,N1,4236,f,NpA
aliquo,aliquo,aliqui,PR,a9201,,Pu-
aliquo,aliquo,aliquis,PR,a9220,,Pu-
alteritas,alteritas,alteritas,N3B,a8488,f,NcC
alteritatem,alteritatem,alteritas,N3B,a8488,f,NcC
auctoritas,auctoritas,auctoritas,N3B,a3422,f,NcC
autem,autem,autem,I,a3607,,X--
capere,capere,capio,V5,c0500,,VmM
caret,caret,careo,V2,c0637,,VmG
caret,caret,caro,V3,c0680,,VmH
cicero,cicero,cicero,N3B,16579,m,NpC
corpora,corpora,corporo,V1,c4086,,VmF
corpora,corpora,corpus,N3B,c4091,n,NcC
corporum,corporum,corpus,N3B,c4091,n,NcC
cunctis,cunctis,cunctus,N2/1,c4623,*,Au-
currit,currit,curro,V3,c4712,,VmH
currit,currit,curro,V3,c4712,,VmH
debet,debet,debeo,V2,d0101,,VmG
deum,deum,dea,N1,d0072,f,NcA
deum,deum,deus,N2,d1193,m,NcB
deum,deum,dei,N2,23687,m,NpB
deum,deum,deus,N2,24808,m,NpB
deum,deum,deo,N4,24201,f,NpD
dicam,dicam,dica,N1,d1329,f,NcA
dicam,dicam,dico,V3,d1350,,VmH
dicam,dicam,dice,N1,25194,f,NpA
dicamus,dicamus,dico,V1,d1349,,VmF
dicamus,dicamus,dico,V3,d1350,,VmH
dicuntur,dicuntur,dico,V3,d1350,,VmH
diduci,diduci,diduco,V3,d1374,,VmH
differentiam,differentiam,differentia,N1,d9987,f,NcA
differentiis,differentiis,differentia,N1,d9987,f,NcA
differunt,differunt,differo,VA,d1386,,VmN
diuersitas,diuersitas,diuersitas,N3B,d2018,f,NcC
diuersitate,diuersitate,diuersitas,N3B,d2018,f,NcC
diuersum,diuersum,diuerto,V3,d2022,,VmH
diuersum,diuersum,diuerto,V3,d2022,,VmH
diuinis,diuinis,diuinus,N2,d1150,m,NcB
diuinis,diuinis,diuinus,N2/1,d2040,*,Af-
diuinis,diuinis,diuina,N1,d1457,f,NcA
diuinis,diuinis,diuinum,N2,d1458,n,NcB
diuinis,diuinis,diuina,N1,26454,f,NpA
diuinum,diuinum,diuinus,N2,d1150,m,NcB
diuinum,diuinum,diuinus,N2/1,d2040,*,Af-
diuinum,diuinum,diuinum,N2,d1458,n,NcB
dominum,dominum,domina,N1,d0165,f,NcA
dominum,dominum,dominus,N2,d0210,m,NcB
dominum,dominum,dominus,N2,26686,m,NpB
dominus,dominus,dominus,N2,d0210,m,NcB
dominus,dominus,dominus,N2,26686,m,NpB
dualitas,dualitas,dualitas,N3B,d2251,f,NcC
dum,dum,dum,I,d2317,,X--
ego,ego,ego,PR,e0218,,Pq-
eiusdem,eiusdem,idem,PR,i2911,,P3-
extrinsecus,extrinsecus,extrinsecus,I,e1887,,X--
fieri,fieri,fio,VA,f0557,,VmN
filium,filium,filia,N1,f0528,f,NcA
filium,filium,filius,N2,f0538,m,NcB
filium,filium,filius,N2/1,33156,*,Af-
fit,fit,fio,VA,f0557,,VmN
fiunt,fiunt,fio,VA,f0557,,VmN
formis,formis,forma,N1,f0832,f,NcA
formis,formis,formus,N2/1,f0865,*,Af-
fructus,fructus,fructus,N2,f1058,m,NcB
fructus,fructus,fructus,N4,f1058,m,NcD
fructus,fructus,fruor,V3,f1060,,VmH
fructus,fructus,fructus,N2,34299,m,NpB
habet,habet,habeo,V2,h0004,,VmG
hic,hic,hic,PR,h0360,,Py-
imago,imago,imago,N3B,i0295,f,NcC
inabstracta,inabstracta,inabstractus,N2/1,i0710,*,Af-
inquiunt,inquiunt,inquam,VA,i1914,,VmN
interest,interest,intersum,VA,i2510,,VmN
interim,interim,interim,I,i2356,,X--
iudicii,iudicii,iudicium,N2,i2998,n,NcB
lapides,lapides,lapido,V1,l0262,,VmF
lapides,lapides,lapis,N3B,l0270,m,NcC
lapides,lapides,lapis,N3B,45848,m,NpC
locis,locis,locus,N2,l0360,m,NcB
locis,locis,locum,N2,l0379,n,NcB
locis,locis,locus,N2,47765,m,NpB
locus,locus,locus,N2,l0360,m,NcB
locus,locus,locus,N2,47765,m,NpB
longus,longus,longus,N2/1,l1033,*,Af-
longus,longus,longus,N2,47905,m,NpB
materiam,materiam,materia,N1,m0451,f,NcA
materiam,materiam,materia,N1,50436,f,NpA
maxime,maxime,maximus,N2/1,m0503,*,Af-
maxime,maxime,maximus,N2/1,50623,*,Af-
meritorum,meritorum,meritum,N2,m0778,n,NcB
meritorum,meritorum,mereo/-eor,V2,m0792,,VmG
meritorum,meritorum,meritus,N2,51591,m,NpB
mihi,mihi,ego,PR,e0218,,Pq-
modis,modis,modius,N2,m1181,m,NcB
modis,modis,modium,N2,m1181,n,NcB
modis,modis,modus,N2,m1190,m,NcB
modis,modis,modius,N2/1,52549,*,Af-
modum,modum,modus,N2,m1190,m,NcB
mutare,mutare,muto,V1,m1864,,VmF
namque,namque,namque,I,n0008,,X--
nos,nos,nos,PR,n0773,,Pq-
numeramus,numeramus,numero,V1,n0658,,VmF
numeratio,numeratio,numeratio,N3B,n0655,f,NcC
nuncupatur,nuncupatur,nuncupo,V1,n0676,,VmF
oculos,oculos,oculus,N2,o0502,m,NcB
omnibus,omnibus,omnis,N3A,o0723,*,Au-
omnis,omnis,omnis,N3A,o0723,*,Au-
ostenditur,ostenditur,ostendo,V3,o1095,,VmH
pars,pars,pars,N3B,p0441,f,NcC
partes,partes,pars,N3B,p0441,f,NcC
partim,partim,partim,I,p0466,,X--
partim,partim,pars,N3B,p0441,f,NcC
patre,patre,pater,N3B,p0550,m,NcC
patris,patris,pater,N3B,p0550,m,NcC
patris,patris,patrius,N2/1,p0588,*,Af-
patris,patris,patrium,N2,p0588,n,NcB
patris,patris,patrae,N1,60351,f,NpA
patris,patris,patrae,N1,60352,f,NpA
perit,perit,pereo,VA,p1081,,VmN
potuit,potuit,possum,VA,p2697,,VmN
praedicamenta,praedicamenta,praedicamentum,N2,p2923,n,NcB
praedicationis,praedicationis,praedicatio,N3B,p2924,f,NcC
praeter,praeter,praeter,I,p3366,,X--
proposita,proposita,propono,V3,p4008,,VmH
proposita,proposita,propono,V3,p4008,,VmH
quaedam,quaedam,quidam,PR,q9202,,Pu-
quaestione,quaestione,quaestio,N3B,q0101,f,NcC
quaestione,quaestione,quaestio,N3B,q0101,f,NcC
qualitatem,qualitatem,qualitas,N3B,q0114,f,NcC
quantitatem,quantitatem,quantitas,N3B,q0131,f,NcC
queunt,queunt,queo,VA,q0178,,VmN
quis,quis,quis,PR,q0198,,P4-
quis,quis,qui,PR,q9410,,P7-
quis,quis,queo,VA,q0178,,VmN
quocirca,quocirca,quocirca,I,q0299,,X--
quotiens,quotiens,quotiens,I,q0320,,X--
rationis,rationis,ratio,N3B,r0095,f,NcC
recte,recte,rego,V3,r1156,,VmH
regit,regit,rego,V3,r1156,,VmH
relatione,relatione,relatio,N3B,r0327,f,NcC
relatione,relatione,relatio,N3B,r0327,f,NcC
relationis,relationis,relatio,N3B,r0327,f,NcC
relatiua,relatiua,relatiuus,N2/1,r0328,*,Af-
relatiuam,relatiuam,relatiuus,N2/1,r0328,*,Af-
religionis,religionis,religio,N3B,r0343,f,NcC
religionis,religionis,religio,N3B,70177,f,NpC
reliqua,reliqua,reliquus,N2/1,r0123,*,Au-
reliqua,reliqua,reliquum,N2,r0168,n,NcB
reliqua,reliqua,reliquor/-o,V1,r1183,,VmF
sanctum,sanctum,sancio,V4,s0267,,VmL
sanctum,sanctum,sancio,V4,s0267,,VmL
sane,sane,sane,N1,73021,f,NpA
sane,sane,sanus,N2/1,s0331,*,Af-
sane,sane,sane,N1,73021,f,NpA
sane,sane,sus,N2/1,s3437,*,Af-
sane,sane,sus,N2/1,s3835,*,Af-
separari,separari,separo,V1,s1259,,VmF
seruum,seruum,seruus/-os,N2,s1432,m,NcB
seruum,seruum,seruus,N2/1,s1432,*,Af-
sese,sese,se,PR,s0844,,Px-
significare,significare,significo/-or,V1,s1623,,VmF
simile,simile,simile,N3B,s1685,n,NcC
simile,simile,similis/simil,N3A,s1685,*,Af-
simile,simile,similis,N3B,76433,m,NpC
situm,situm,sino,V3,s1756,,VmH
situm,situm,sino,V3,s1756,,VmH
situm,situm,situs,N4,s1774,m,NcD
situm,situm,situs,N4,s4029,m,NcD
sola,sola,solo,V1,s1932,,VmF
sola,sola,solum,N2,s1944,n,NcB
sola,sola,solus,N2/1,s1947,*,Af-
spiritum,spiritum,spiritus,N4,s2214,m,NcD
spiritum,spiritum,spiritum,N2,s2214,n,NcB
subiectae,subiectae,subicio,V5,s2872,,VmM
subiectum,subiectum,subicio,V5,s2872,,VmM
subiectum,subiectum,subicio,V5,s2872,,VmM
subiectum,subiectum,subiectus,N4,s9969,m,NcD
subiectum,subiectum,subiectum,N2,s9969,n,NcB
suis,suis,sus/suis,N3B,s3834,2,NcC
suis,suis,suo,V3,s3459,,VmH
suis,suis,sus/suis,N3B,s3834,2,NcC
suis,suis,suus/-os,PR,s3894,*,Ps-
suis,suis,suae,N1,78976,f,NpA
superius,superius,super/-us,N2/1,s3737,*,Af-
suscipit,suscipit,suscipio,V5,s3844,,VmM
talia,talia,talio,V1,t0068,,VmF
talia,talia,talia,N1,82127,f,NpA
talia,talia,talis,PR,t0070,*,Pu-
tam,tam,tam,I,t0078,,X--
tam,tam,tam,I,t1499,,X--
terra,terra,terra,N1,t0372,f,NcA
terra,terra,terra,N1,83120,f,NpA
tertio,tertio,tertius,N2/1,t0413,*,Ao-
tertio,tertio,tertio,V1,t0410,,VmF
tertio,tertio,tertius,N2/1,t0413,*,Ao-
tertio,tertio,tertius,N2/1,83196,*,Af-
totiens,totiens,totiens,I,t0888,,X--
trinitatem,trinitatem,trinitas,N3B,t1311,f,NcC
trinitatis,trinitatis,trinitas,N3B,t1311,f,NcC
trium,trium,tres/-is,N3A,t1158,*,An-
uenit,uenit,ueneo,VA,u0284,,VmN
uenit,uenit,uenio,V4,u0300,,VmL
uenit,uenit,uenio,V4,u0300,,VmL
uestri,uestri,uos,PR,u1223,,Pq-
uestri,uestri,uester,PR,u0496,*,Ps-
uestri,uestri,uestrius,N2,89067,m,NpB
uidemur,uidemur,uideo,V2,u0626,,VmG
utrisque,utrisque,uterque,PR,u9203,,Pu-
utrisque,utrisque,uter/utris,N3B,u1322,m,NcC
utrisque,utrisque,uter/utris,N3B,u1322,m,NcC
abstracta,abstracta,abstraho,V3,a0195,,VmH
absunt,absunt,absum,VA,a0200,,VmN
abutimur,abutimur,abutor,V3,a0217,,VmH
accedam,accedam,accedo,V3,a0240,,VmH
accedam,accedam,acci'do,V3,a0268,,VmH
accedente,accedente,accedo,V3,a0240,,VmH
accedente,accedente,accedo,V3,a0268,,VmH
accedente,accedente,acci'do,V3,a0268,,VmH
accedere,accedere,accedo,V3,a0240,,VmH
accedere,accedere,accedo,V3,a0240,,VmH
accedere,accedere,acci'do,V3,a0268,,VmH
accedo,accedo,accedo,V3,a0240,,VmH
accedo,accedo,acci'do,V3,a0268,,VmH
accesserim,accesserim,accedo,V3,a0240,,VmH
accesserit,accesserit,accedo,V3,a0240,,VmH
accessisse,accessisse,accedo,V3,a0240,,VmH
accessum,accessum,accessus,N4,a0239,m,NcD
accessum,accessum,accedo,V3,a0240,,VmH
accessum,accessum,accedo,V3,a0240,,VmH
accidentem,accidentem,acci'do,V3,a0268,,VmH
accidentem,accidentem,acci"do,V3,a0269,,VmH
accidere,accidere,acci'do,V3,a0268,,VmH
accidere,accidere,acci'do,V3,a0268,,VmH
accidere,accidere,acci"do,V3,a0269,,VmH
accidere,accidere,acci"do,V3,a0269,,VmH
actu,actu,ago,V3,a1208,,VmH
actu,actu,actus,N4,a9991,m,NcD
addere,addere,addo,V3,a0535,,VmH
adest,adest,adedo,VA,a0546,,VmH
adest,adest,adsum,VA,a0761,,VmN
adicias,adicias,adicio,V5,a0586,,VmM
adiumenta,adiumenta,adiumentum,N2,a0619,n,NcB
adsimulantur,adsimulantur,assimulo,V1,a3175,,VmF
adsit,adsit,adsum,VA,a0761,,VmN
aduentu,aduentu,aduenio,V4,a0772,,VmL
aduentu,aduentu,aduentus,N4,a8886,m,NcD
aduentus,aduentus,aduentus,N4,a8886,m,NcD
aduentus,aduentus,aduentus,N2,2391,m,NpB
aduertamus,aduertamus,aduerto,V3,a0796,,VmH
aegris,aegris,aeger,N2,a0866,m,NcB
aegris,aegris,aeger,N2/1,a0866,*,Af-
aegris,aegris,aegris,N3A,a0866,*,Af-
aegris,aegris,aegrum,N2,a0866,n,NcB
aequali,aequali,aequalis,N3A,a0915,*,Af-
aequali,aequali,aequalis,N3B,2846,m,NpC
aeris,aeris,aer,N3B,a0965,2,NcC
aeris,aeris,aera,N1,a0966,f,NcA
aeris,aeris,aera,N1,a2283,f,NcA
aeris,aeris,aerius,N2/1,a0981,*,Af-
aeris,aeris,aerus,N2,a1001,m,NcB
aeris,aeris,aes,N3B,a1004,n,NcC
aeris,aeris,aere,N1,2960,f,NpA
aeris,aeris,aerius,N2,2985,m,NpB
aeris,aeris,aer,N3B,2948,m,NpC
aeternitatem,aeternitatem,aeternitas,N3B,a1041,f,NcC
aeternitatem,aeternitatem,aeternitas,N3B,3129,f,NpC
affert,affert,affero,VA,a1079,,VmN
affigant,affigant,affigo,V3,a1084,,VmH
aggredi,aggredi,aggredior/-io,V5,a1158,,VmM
agnoscenda,agnoscenda,agnosco,V3,a1204,,VmH
agnosci,agnosci,agnosco,V3,a1204,,VmH
albedinem,albedinem,albedo,N3B,a1278,f,NcC
aliam,aliam,alea,N1,a1324,f,NcA
aliam,aliam,alius,PR,a1506,*,Pu-
aliam,aliam,alia,N1,4236,f,NpA
alicuius,alicuius,aliqui,PR,a9201,,Pu-
alicuius,alicuius,aliquis,PR,a9220,,Pu-
alieno,alieno,alieno,V1,a1362,,VmF
alieno,alieno,alienus,N2,a1363,m,NcB
alieno,alieno,alienus,N2/1,a1363,*,Af-
alieno,alieno,alienum,N2,a1363,n,NcB
aliqua,aliqua,aliqui,PR,a9201,,Pu-
aliqua,aliqua,aliquis,PR,a9220,,Pu-
aliquem,aliquem,aliqui,PR,a9201,,Pu-
aliquem,aliquem,aliquis,PR,a9220,,Pu-
aliquos,aliquos,aliqui,PR,a9201,,Pu-
aliquos,aliquos,aliquis,PR,a9220,,Pu-
aliquotiens,aliquotiens,aliquotiens,I,a9211,,X--
alternare,alternare,alterno,V1,a1493,,VmF
amplior,amplior,amplus,N2/1,a1778,*,Af-
amplior,amplior,amplus,N2/1,5473,*,Af-
amplior,amplior,amplio,V1,a1774,,VmF
animal,animal,animal,N3B,a2034,n,NcC
animalis,animalis,animalis,N3A,a2034,*,Af-
animalis,animalis,animal,N3B,a2034,n,NcC
animi,animi,animus,N2,a2046,m,NcB
animi,animi,animus,N2,6179,m,NpB
animo,animo,animo,V1,a2041,,VmF
animo,animo,animus,N2,a2046,m,NcB
animo,animo,animus,N2,6179,m,NpB
argumentorum,argumentorum,argumentum,N2,a2808,n,NcB
arriani,arriani,arrianus,N2,8633,m,NpB
arriani,arriani,arrianus,N2/1,8632,*,Af-
artibus,artibus,ars,N3B,a2934,f,NcC
artibus,artibus,artus,N4,a1967,m,NcD
ascendere,ascendere,ascendo,V3,a3021,,VmH
ascendere,ascendere,ascendo,V3,a3021,,VmH
atqui,atqui,atqui,I,a3302,,X--
augent,augent,augeo,V2,a3471,,VmG
augustini,augustini,augustinus,N2,10163,m,NpB
augustini,augustini,augustinus,N2/1,10162,*,Af-
augustini,augustini,augustinus,N2/1,10164,*,Af-
augustini,augustini,augustini,N2/1,10160,*,Af-
aut,aut,aut,I,a3606,,X--
beati,beati,beatus,N2/1,11407,*,Af-
beati,beati,beo,V1,b0278,,VmF
bonus,bonus,bonus,N2/1,b0537,*,Af-
bonus,bonus,bonus,N2/1,12348,*,Af-
breuitate,breuitate,breuitas,N3B,b0631,f,NcC
breuiter,breuiter,breuis,N3A,b0630,*,Af-
caducis,caducis,caducus,N2/1,c0068,*,Af-
caducis,caducis,caduca,N1,c0068,f,NcA
caducis,caducis,caducum,N2,c0068,n,NcB
caelo,caelo,caelo,V1,c0104,,VmF
caelo,caelo,caelum/-us,N2,c0105,1,NcB
caelo,caelo,caelum,N2,c9105,n,NcB
caelo,caelo,caelus,N2,13398,m,NpB
caelo,caelo,caelus,N2,13399,m,NpB
caelo,caelo,caelum,N2,13396,n,NpB
callidus,callidus,callidus,N2/1,c0255,*,Af-
callidus,callidus,callidus,N2,13815,m,NpB
capi,capi,capio,V5,c0500,,VmM
capi,capi,capus,N2,c0591,m,NcB
capi,capi,capius,N2/1,14426,*,Af-
capiendum,capiendum,capio,V5,c0500,,VmM
capiendum,capiendum,capio,V5,c0500,,VmM
catholica,catholica,catholicus,N2/1,c0894,*,Af-
catholica,catholica,catholicum,N2,c0894,n,NcB
catholicis,catholicis,catholicus,N2/1,c0894,*,Af-
catholicis,catholicis,catholicum,N2,c0894,n,NcB
cato,cato,cato,N3B,15187,m,NpC
cato,cato,cato,V1,c0905,,VmF
cato,cato,cattus,N2,c0759,m,NcB
cato,cato,catus,N2/1,c0925,*,Af-
cato,cato,catus,N2,15228,m,NpB
celsa,celsa,celsus,N2/1,c1085,*,Af-
celsa,celsa,celsus,N2/1,15511,*,Af-
cetera,cetera,ceterus,N2/1,c1312,*,Au-
cetera,cetera,ceterus,N2/1,c1312,*,Au-
ceterae,ceterae,ceterus,N2/1,c1312,*,Au-
ceteras,ceteras,ceterus,N2/1,c1312,*,Au-
ceteros,ceteros,ceterus,N2/1,c1312,*,Au-
christianae,christianae,christianus,N2/1,16431,*,Af-
circumfusus,circumfusus,circumfundo,V3,c8040,,VmH
circumstantias,circumstantias,circumstantia,N1,c9928,f,NcA
clamoribus,clamoribus,clamor/clamos,N3B,c2020,m,NcC
coepit,coepit,coepio,V5,c2281,,VmM
coepit,coepit,coepio,V5,c2281,,VmM
coercetur,coercetur,coerceo,V2,c2287,,VmG
cogitata,cogitata,cogitatum,N2,c9859,n,NcB
cogitata,cogitata,cogito,V1,c2304,,VmF
cogitata,cogitata,cogito,V1,c4657,,VmF
cogitemus,cogitemus,cogito,V1,c2304,,VmF
cogitemus,cogitemus,cogito,V1,c4657,,VmF
cognata,cognata,cognatus,N2/1,c2307,*,Af-
cognata,cognata,cognata,N1,c2307,f,NcA
comitatur,comitatur,comitor/-o,V1,c2595,,VmF
commendo,commendo,commendo,V1,c2645,,VmF
commendo,commendo,commendo,V1,c4699,,VmF
communicandamque,communicandamque,communico/-or,V1,c2745,,VmF
comparatione,comparatione,comparatio,N3B,c2782,f,NcC
comparatione,comparatione,comparatio,N3B,c4786,f,NcC
comparatione,comparatione,comparatio,N3B,c2782,f,NcC
comparatione,comparatione,comparatio,N3B,c4786,f,NcC
comparatus,comparatus,comparatus,N4,c9872,m,NcD
comparatus,comparatus,comparatus,N2,18960,m,NpB
comparatus,comparatus,comparo,V1,c2786,,VmF
comparatus,comparatus,comparo,V1,c4812,,VmF
confici,confici,conficio,V5,c3234,,VmM
coniuncta,coniuncta,coniungo,V3,c3435,,VmH
coniuncta,coniuncta,coniunctum,N2,c9902,n,NcB
coniunctae,coniunctae,coniungo,V3,c3435,,VmH
coniuncte,coniuncte,coniungo,V3,c3435,,VmH
coniuncte,coniuncte,coniunctus,N2,20027,m,NpB
coniunctionis,coniunctionis,coniunctio,N3B,c3432,f,NcC
conloquantur,conloquantur,colloquor,V3,c2446,,VmH
conloquor,conloquor,colloquor,V3,c2446,,VmH
conscendere,conscendere,conscendo,V3,c3473,,VmH
conscendere,conscendere,conscendo,V3,c3473,,VmH
considerabimus,considerabimus,considero,V1,c3532,,VmF
considerandum,considerandum,considero,V1,c3532,,VmF
considerandum,considerandum,considero,V1,c3532,,VmF
considerat,considerat,considero,V1,c3532,,VmF
considerat,considerat,consido,V3,c6524,,VmH
consistens,consistens,consisto,V3,c3543,,VmH
consistit,consistit,consisto,V3,c3543,,VmH
constare,constare,consto,V1,c3620,,VmF
constet,constet,consto,V1,c3620,,VmF
constituentibus,constituentibus,constituo,V3,c3616,,VmH
constituta,constituta,constituo,V3,c3616,,VmH
constituta,constituta,constitutum,N2,c9908,n,NcB
constituta,constituta,constitutus,N2/1,20443,*,Af-
constitutae,constitutae,constituo,V3,c3616,,VmH
constitutae,constitutae,constitutus,N2/1,20443,*,Af-
constitutus,constitutus,constituo,V3,c3616,,VmH
constitutus,constitutus,constitutus,N4,c9908,m,NcD
constitutus,constitutus,constitutus,N2/1,20443,*,Af-
continet,continet,contineo,V2,c3750,,VmG
contraho,contraho,contraho,V3,c3794,,VmH
contumeliam,contumeliam,contumelia,N1,c3839,f,NcA
contumeliam,contumeliam,contumelia,N1,20829,f,NpA
conuertitis,conuertitis,conuerto,V3,c3892,,VmH
copulate,copulate,copulo/-or,V1,c3978,,VmF
copulate,copulate,copulo/-or,V1,c3978,,VmF
corporeque,corporeque,corpus,N3B,c4091,n,NcC
cui,cui,quis,PR,q0198,,P4-
cui,cui,qui,PR,q9410,,P7-
culpa,culpa,culpa,N1,c4562,f,NcA
culpa,culpa,culpo,V1,c4566,,VmF
cultus,cultus,colo,V3,c2480,,VmH
cultus,cultus,cultus,N4,c9831,m,NcD
cupidus,cupidus,cupidus,N2/1,c4651,*,Af-
cupidus,cupidus,cupidus,N2/1,22305,*,Af-
curaui,curaui,curo,V1,c4706,,VmF
currens,currens,curro,V3,c4712,,VmH
cursum,cursum,curro,V3,c4712,,VmH
cursum,cursum,curro,V3,c4712,,VmH
cursum,cursum,cursus,N4,c9832,m,NcD
datur,datur,do,V1,d2066,,VmF
decem,decem,decem,N,d0144,,AnP
decem,decem,decem,N,23178,,NpP
decursa,decursa,decurro,V3,d0279,,VmH
dei,dei,deus,N2,d1193,m,NcB
dei,dei,dius,N2/1,d1461,*,Af-
dei,dei,deius,N2,23729,m,NpB
dei,dei,dei,N2,23687,m,NpB
dei,dei,deus,N2,24808,m,NpB
deieci,deieci,deicio,V5,d0478,,VmM
demonstrationemque,demonstrationemque,demonstratio,N3B,d0648,f,NcC
deorsum,deorsum,deorsum,I,d0753,,X--
deperit,deperit,depereo,VA,d0782,,VmN
designant,designant,designo,V1,d0976,,VmF
designari,designari,designo,V1,d0976,,VmF
determinatus,determinatus,determino,V1,d1088,,VmF
dicit,dicit,dico,V3,d1350,,VmH
dico,dico,dico,V1,d1349,,VmF
dico,dico,dico,V3,d1350,,VmH
diducunt,diducunt,diduco,V3,d1374,,VmH
differat,differat,differo,VA,d1386,,VmN
differens,differens,differo,VA,d1386,,VmN
differens,differens,differo,VA,d1386,,VmN
differens,differens,differo,VA,d1386,,VmN
differens,differens,differo,VA,d1386,,VmN
differens,differens,differo,VA,d1386,,VmN
differens,differens,differo,VA,d1386,,VmN
differens,differens,differo,VA,d1386,,VmN
differens,differens,differo,VA,d1386,,VmN
differentiae,differentiae,differentia,N1,d9987,f,NcA
differentias,differentias,differentia,N1,d9987,f,NcA
difficilior,difficilior,difficilis,N3A,d1389,*,Af-
difficultate,difficultate,difficultas,N3B,d1391,f,NcC
dignata,dignata,digno/-or,V1,d1442,,VmF
dii,dii,deus,N2,d1193,m,NcB
dii,dii,dies,N5,d1378,2,NcE
dii,dii,dei,N2,23687,m,NpB
dii,dii,deus,N2,24808,m,NpB
dii,dii,dios,N2,25681,f,NpB
dii,dii,dium,N2,26375,n,NpB
dii,dii,dius,N2/1,d1461,*,Af-
dii,dii,dium,N2,d2047,n,NcB
dii,dii,dius,N2,26384,m,NpB
disciplinis,disciplinis,disciplina,N1,d1715,f,NcA
dispiciamus,dispiciamus,dispicio,V5,d1842,,VmM
disputationem,disputationem,disputatio,N3B,d1860,f,NcC
distant,distant,disto,V1,d1964,,VmF
distantiam,distantiam,distantia,N1,d9998,f,NcA
distantias,distantias,distantia,N1,d9998,f,NcA
distare,distare,disto,V1,d1964,,VmF
distat,distat,disto,V1,d1964,,VmF
distent,distent,disto,V1,d1964,,VmF
distrahunt,distrahunt,distraho,V3,d1971,,VmH
diuersi,diuersi,diuersium,N2,d2019,n,NcB
diuersi,diuersi,diuerto,V3,d2022,,VmH
diuersitatem,diuersitatem,diuersitas,N3B,d2018,f,NcC
diuersorum,diuersorum,diuersor,N3B,d2020,m,NcC
diuersorum,diuersorum,diuerto,V3,d2022,,VmH
diuersus,diuersus,diuerto,V3,d2022,,VmH
diuinam,diuinam,diuinus,N2/1,d2040,*,Af-
diuinam,diuinam,diuina,N1,d1457,f,NcA
diuinam,diuinam,diuina,N1,26454,f,NpA
diuinarum,diuinarum,diuinus,N2/1,d2040,*,Af-
diuinarum,diuinarum,diuina,N1,d1457,f,NcA
diuinarum,diuinarum,diuina,N1,26454,f,NpA
diuinitatis,diuinitatis,diuinitas,N3B,d2037,f,NcC
diuise,diuise,diuido,V3,d2029,,VmH
diutissime,diutissime,diu,I,d1998,,X--
diximus,diximus,dico,V3,d1350,,VmH
duplex,duplex,duplex,N3A,d2371,*,Af-
eadem,eadem,idem,PR,i2911,,P3-
effecerim,effecerim,efficio,V5,e0139,,VmM
effectus,effectus,efficio,V5,e0139,,VmM
effectus,effectus,effectus,N4,e9981,m,NcD
effici,effici,efficio,V5,e0139,,VmM
efficiunt,efficiunt,efficio,V5,e0139,,VmM
effigies,effigies,effigies,N5,e0144,f,NcE
effigies,effigies,effigio,V1,e0145,,VmF
emanauit,emanauit,emano,V1,e0401,,VmF
enumeratio,enumeratio,enumeratio,N3B,e0645,f,NcC
equidem,equidem,equidem,I,e0822,,X--
equus,equus,equus/-os,N2,e0555,m,NcB
equus,equus,equus,N2,29487,m,NpB
ergo,ergo,erga,I,e0866,,X--
ergo,ergo,ergo,I,e0875,,X--
erigi,erigi,erigo,V3,e0884,,VmH
eruditi,eruditi,erudio,V4,e0936,,VmL
essentiam,essentiam,essentia,N1,e0988,f,NcA
esset,esset,e'do,VA,e0094,,VmN
esset,esset,sum,VA,s3436,,VaN
etenim,etenim,etenim,I,e0998,,X--
eum,eum,is,PR,i2912,,P3-
eum,eum,eo,N4,29022,f,NpD
excitamur,excitamur,excito,V1,e1322,,VmF
exempla,exempla,exemplo,V1,e1427,,VmF
exempla,exempla,exemplum,N2,e1428,n,NcB
explanatum,explanatum,explano,V1,e1630,,VmF
explanatum,explanatum,explano,V1,e1630,,VmF
exsistit,exsistit,exsisto,V3,e1795,,VmH
exspectat,exspectat,exspecto,V1,e1771,,VmF
exterior,exterior,exter/-us,N2/1,e1844,*,Af-
exterioribus,exterioribus,exter/-us,N2/1,e1844,*,Af-
extulerint,extulerint,effero,VA,e0127,,VmN
extulerint,extulerint,extollo,V3,e1864,,VmH
faciant,faciant,facio,V5,f0048,,VmM
facies,facies,facies,N5,f0043,f,NcE
facies,facies,facio,V5,f0048,,VmM
faciet,faciet,facio,V5,f0048,,VmM
facilior,facilior,facilis,N3A,f0044,*,Af-
facilius,facilius,facilis,N3A,f0044,*,Af-
facta,facta,facio,V5,f0048,,VmM
facta,facta,facto,V1,f0058,,VmF
facta,facta,factum,N2,f9201,n,NcB
famae,famae,fama,N1,f0147,f,NcA
famae,famae,fama,N1,32250,f,NpA
fertur,fertur,fertur,N3B,32867,m,NpC
fertur,fertur,fero,VA,f0382,,VmN
fiat,fiat,fio,VA,f0557,,VmN
fidei,fidei,fides,N5,f0495,f,NcE
fidei,fidei,fides,N5,33060,f,NpE
fidem,fidem,fides,N5,f0495,f,NcE
fidem,fidem,fides/-is,N3B,f0496,f,NcC
fidem,fidem,fides,N5,33060,f,NpE
fides,fides,fides/-is,N3B,f0496,f,NcC
fides,fides,fides,N5,f0495,f,NcE
fides,fides,fides/-is,N3B,f0496,f,NcC
fides,fides,fido,V3,f0502,,VmH
fides,fides,fides,N5,33060,f,NpE
fieret,fieret,fio,VA,f0557,,VmN
figuram,figuram,figura,N1,f0518,f,NcA
filii,filii,filius,N2,f0538,m,NcB
filii,filii,filius,N2/1,33156,*,Af-
filio,filio,filius,N2,f0538,m,NcB
filio,filio,filius,N2/1,33156,*,Af-
fingere,fingere,fingo,V3,f0548,,VmH
finis,finis,finis,N3B,f0550,2,NcC
finis,finis,finio,V4,f0549,,VmL
finis,finis,finis,N3B,f0550,2,NcC
finis,finis,fines,N3B,33181,m,NpC
firmissimae,firmissimae,firmus,N2/1,f0564,*,Af-
formatam,formatam,formo,V1,f0857,,VmF
fortissimumque,fortissimumque,fortis,N3A,f0889,*,Af-
fuerit,fuerit,sum,VA,s3436,,VaN
fundamentis,fundamentis,fundamentum,N2,f1165,n,NcB
futuro,futuro,sum,VA,s3436,,VaN
futuro,futuro,futurus,N2,34784,m,NpB
genus,genus,genus,N3B,g0213,n,NcC
genus,genus,genu/-us/-um,N4,g0210,n,NcD
gigni,gigni,gigno,V3,g0288,,VmH
gradibus,gradibus,gradus,N4,g0499,m,NcD
gradibus,gradibus,gradus,N4,36226,m,NpD
gratia,gratia,gratia,N1,g0563,f,NcA
gratia,gratia,gratia,N1,36369,f,NpA
gratia,gratia,gratius,N2/1,36391,*,Af-
grauitatemque,grauitatemque,grauitas,N3B,g0598,f,NcC
habetque,habetque,habeo,V2,h0004,,VmG
hanc,hanc,hic,PR,h0360,,Py-
heri,heri,heri,I,h0298,,X--
heri,heri,herus,N2,37900,m,NpB
heri,heri,herius,N2/1,37759,*,Af-
heri,heri,heres,N3B,37744,m,NpC
heri,heri,herus,N2,e0843,m,NcB
hesternus,hesternus,hesternus,N2/1,h0322,*,Af-
hinc,hinc,hinc,I,h0360,,X--
hominem,hominem,homo,N3B,h0518,m,NcC
hominem,hominem,homo,N3B,38502,m,NpC
hominis,hominis,homo,N3B,h0518,m,NcC
hominis,hominis,homo,N3B,38502,m,NpC
hominum,hominum,homo,N3B,h0518,m,NcC
hominum,hominum,homo,N3B,38502,m,NpC
hos,hos,hic,PR,h0360,,Py-
humanae,humanae,humanus,N2/1,h0649,*,Af-
humanitati,humanitati,humanitas,N3B,h0646,f,NcC
iactatione,iactatione,iactatio,N3B,i0007,f,NcC
iactatione,iactatione,iactatio,N3B,i0007,f,NcC
iamne,iamne,iam,I,i0023,,X--
iamne,iamne,ia,N1,39214,2,NpA
idemque,idemque,idem,PR,i2911,,P3-
idonea,idonea,idoneus,N2/1,i0093,*,Af-
idonee,idonee,idoneus,N2/1,i0093,*,Af-
ignaua,ignaua,ignauo,V1,i0123,,VmF
ignaua,ignaua,ignauus,N2/1,i0124,*,Af-
igniculum,igniculum,igniculus,N2,i0135,m,NcB
igniculum,igniculum,igniculum,N2,i0135,n,NcB
ignis,ignis,ignio,V4,i0141,,VmL
ignis,ignis,ignis,N3B,i0144,m,NcC
ignis,ignis,ignius,N2/1,39613,*,Af-
ignis,ignis,ignis,N3B,39606,m,NpC
illic,illic,illic/ille,PR,i0205,,Py-
illis,illis,hilla,N1,h0299,f,NcA
illis,illis,hillum,N2,h0301,n,NcB
illis,illis,ille,PR,i0205,*,Py-
illis,illis,illus,N2,39865,m,NpB
illo,illo,ille,PR,i0205,,Py-
illo,illo,hillum,N2,h0301,n,NcB
illo,illo,ille,PR,i0205,*,Py-
illo,illo,illus,N2,39865,m,NpB
illuc,illuc,illic/ille,PR,i0205,,Py-
imaginatione,imaginatione,imaginatio,N3B,i0290,f,NcC
imaginatione,imaginatione,imaginatio,N3B,i0290,f,NcC
imaginationes,imaginationes,imaginatio,N3B,i0290,f,NcC
imagines,imagines,imaginor/-o,V1,i0293,,VmF
imagines,imagines,imago,N3B,i0295,f,NcC
imminet,imminet,immineo,V2,i0377,,VmG
inanibus,inanibus,inanis,N3A,i0767,*,Af-
inanibus,inanibus,inane,N3B,i0767,n,NcC
inbecillitas,inbecillitas,inbecillitas,N3B,i0299,f,NcC
incorporales,incorporales,incorporalis,N3A,i1084,*,Af-
incorporalibus,incorporalibus,incorporalis,N3A,i1084,*,Af-
incorporalibus,incorporalibus,incorporalia,N3B,i1084,n,NcC
indefessumque,indefessumque,indefessus,N2/1,i1204,*,Af-
indigni,indigni,indignus,N2/1,i1281,*,Af-
indigni,indigni,indignus,N2/1,i1374,*,Af-
inesse,inesse,insum,VA,i2191,,VmN
informatum,informatum,informo,V1,i1628,,VmF
informatum,informatum,informo,V1,i1628,,VmF
ingrediamur,ingrediamur,ingredior,V5,i1712,,VmM
initium,initium,initium,N2,i1789,n,NcB
inmortalibus,inmortalibus,immortalis,N3A,i0407,*,Af-
inrogare,inrogare,irrogo,V1,i2891,,VmF
insignita,insignita,insignio,V4,i2026,,VmL
inspicere,inspicere,inspicio,V5,i2093,,VmM
inspicere,inspicere,inspico,V1,i2095,,VmF
inspiciendum,inspiciendum,inspicio,V5,i2093,,VmM
inspiciendum,inspiciendum,inspicio,V5,i2093,,VmM
integre,integre,integer,N2/1,i2214,*,Af-
intellectualiter,intellectualiter,intellectualis,N3A,i2228,*,Af-
intellectus,intellectus,intellego,V3,i2231,,VmH
intellectus,intellectus,intellectus,N4,i9893,m,NcD
intellegatur,intellegatur,intellego,V3,i2231,,VmH
internoscimus,internoscimus,internosco,V3,i2417,,VmH
interpretatum,interpretatum,interpretor/-o,V1,i2452,,VmF
interpretatum,interpretatum,interpretor/-o,V1,i2452,,VmF
intimis,intimis,intimus,N2/1,i2558,*,Af-
intimis,intimis,intimius,N2/1,43621,*,Af-
intuitus,intuitus,intueor,V2,i2620,,VmG
intuitus,intuitus,intuitus,N4,i9902,m,NcD
inueniri,inueniri,inuenio,V4,i2649,,VmL
inuenti,inuenti,inuenio,V4,i2649,,VmL
inuenti,inuenti,inuentum,N2,i9904,n,NcB
inuenti,inuenti,inuentus,N2,43831,m,NpB
inuenti,inuenti,inuentius,N2,43825,m,NpB
investigatam,inuestigatam,inuestigo,V1,i2671,,VmF
ipsae,ipsae,ipse,PR,i2780,*,P3-
ipsam,ipsam,ipse,PR,i2780,*,P3-
ipsamque,ipsamque,ipse,PR,i2780,*,P3-
ipsumque,ipsumque,ipse,PR,i2780,*,P3-
ipsumque,ipsumque,ipsos,N2,44059,f,NpB
is,is,is,PR,i2912,,P3-
is,is,eo,VA,e0655,,VmN
istae,istae,iste,PR,i2947,*,Py-
iteratio,iteratio,iteratio,N3B,i2964,f,NcC
iugem,iugem,iugis,N3A,i3011,*,Af-
iugem,iugem,iugo,V1,i3015,,VmF
iustitia,iustitia,iustitia,N1,i3083,f,NcA
iustitia,iustitia,iustitia,N1,45020,f,NpA
iustitia,iustitia,iustitium,N2,i3085,n,NcB
iusto,iusto,iusto,V1,i3086,,VmF
iusto,iusto,iustus,N2/1,i3087,*,Af-
iusto,iusto,iustum,N2,i3087,n,NcB
iusto,iusto,iustus,N2/1,45026,*,Af-
iustos,iustos,iustus,N2/1,i3087,*,Af-
iustos,iustos,iustus,N2/1,45026,*,Af-
iustum,iustum,iustus,N2/1,i3087,*,Af-
iustum,iustum,iustum,N2,i3087,n,NcB
iustum,iustum,iustus,N2/1,45026,*,Af-
laetitia,laetitia,laetitia,N1,l0126,f,NcA
laetitia,laetitia,laetitia,N1,45426,f,NpA
legenda,legenda,lego,V3,l0496,,VmH
litterisque,litterisque,littera,N1,l0922,f,NcA
litterisque,litterisque,littera,N1,47627,f,NpA
liuor,liuor,liuor,N3B,l0946,m,NcC
liuor,liuor,liuor,N3B,47689,m,NpC
locum,locum,locus,N2,l0360,m,NcB
locum,locum,locum,N2,l0379,n,NcB
locum,locum,locus,N2,47765,m,NpB
lux,lux,lux,N3B,l1250,f,NcC
lux,lux,lux,N3B,48471,*,NpC
magna,magna,magnus,N2/1,m0132,*,Af-
magna,magna,magna,N1,49169,f,NpA
magna,magna,magnum,N2,49230,n,NpB
magna,magna,magnus,N2/1,49232,*,Af-
magnitudine,magnitudine,magnitudo,N3B,m0130,f,NcC
magno,magno,magno,N3B,49226,m,NpC
magno,magno,magnus,N2/1,m0132,*,Af-
magno,magno,magnum,N2,49230,n,NpB
magno,magno,magnus,N2/1,49232,*,Af-
magnum,magnum,magnus,N2/1,m0132,*,Af-
magnum,magnum,magnus,N2/1,m0132,*,Af-
magnum,magnum,magnum,N2,49230,n,NpB
magnum,magnum,magnus,N2/1,49232,*,Af-
magnum,magnum,magnes,N3B,49187,2,NpC
mandatam,mandatam,mando,V1,m0260,,VmF
mathematica,mathematica,mathematica/-e,N1,m0461,f,NcA
mathematica,mathematica,mathematicus,N2/1,m0461,*,Af-
mathematicis,mathematicis,mathematica/-e,N1,m0461,f,NcA
mathematicis,mathematicis,mathematicus,N2,m0461,m,NcB
mathematicis,mathematicis,mathematicus,N2/1,m0461,*,Af-
maximus,maximus,maximus,N2/1,m0503,*,Af-
maximus,maximus,maximus,N2/1,50623,*,Af-
medentis,medentis,medeor,V2,m0525,,VmG
medicina,medicina,medicinus,N2/1,m0545,*,Af-
medicina,medicina,medicina,N1,m0545,f,NcA
meminimus,meminimus,memini,VP,m0693,,VmN
mentis,mentis,menta,N1,m0755,f,NcA
mentis,mentis,mens,N3B,m0733,f,NcC
mentis,mentis,mentior/-io,V4,m0760,,VmL
mentis,mentis,mentum,N2,m0766,n,NcB
mentis,mentis,mentum,N2,m0945,n,NcB
mentis,mentis,miniscor,V3,m1033,,VmH
mentis,mentis,mentes,N3B,51451,m,NpC
mentis,mentis,mens,N3B,51407,f,NpC
minuere,minuere,minuo,V3,m1057,,VmH
minuere,minuere,minuo,V3,m1057,,VmH
minuunt,minuunt,minuo,V3,m1057,,VmH
monstrant,monstrant,monstro,V1,m1354,,VmF
monstratum,monstratum,monstratus,N4,m9798,m,NcD
monstratum,monstratum,monstro,V1,m1354,,VmF
monstratum,monstratum,monstro,V1,m1354,,VmF
monstris,monstris,monstrum,N2,m1357,n,NcB
motum,motum,moueo,V2,m1456,,VmG
motum,motum,moueo,V2,m1456,,VmG
motum,motum,motus,N4,m9800,m,NcD
mouens,mouens,moueo,V2,m1456,,VmG
multiplicat,multiplicat,multiplico,V1,m1671,,VmF
multitudo,multitudo,multitudo,N3B,m1684,f,NcC
multiuocum,multiuocum,multiuocus,N2/1,m1689,*,Af-
mundi,mundi,mundus,N2/1,m1715,*,Af-
mundi,mundi,mundus,N2,m1716,m,NcB
mundi,mundi,mundum,N2,m1716,n,NcB
mundi,mundi,mundus,N2,m1717,m,NcB
mundi,mundi,mundus,N2,m0947,m,NcB
mundi,mundi,mundus,N2,53444,m,NpB
mutantur,mutantur,muto,V1,m1864,,VmF
naturalibus,naturalibus,naturalis,N3A,n0073,*,Af-
naturalibus,naturalibus,naturale,N3B,n0073,n,NcC
naturalis,naturalis,naturalis,N3A,n0073,*,Af-
naturalis,naturalis,naturale,N3B,n0073,n,NcC
ne,ne,ne,I,n0130,,X--
ne,ne,ne,I,n0131,,X--
ne,ne,neo,V2,n0211,,VmG
negatur,negatur,nego,V1,n0185,,VmF
nequiuerint,nequiuerint,nequeo,VA,n0233,,VmN
nequiuit,nequiuit,nequeo,VA,n0233,,VmN
nihilque,nihilque,nihil/nihilum,PR,n0764,n,Pu-
nimirum,nimirum,ni-mirum,I,n9811,,X--
nititur,nititur,nitor,V3,n0322,,VmH
nobis,nobis,nos,PR,n0773,,Pq-
nomini,nomini,nomen,N3B,n0492,n,NcC
normam,normam,norma,N1,n0525,f,NcA
nostrae,nostrae,noster,PR,n0569,*,Ps-
nostrarum,nostrarum,noster,PR,n0569,*,Ps-
nostri,nostri,nos,PR,n0773,,Pq-
nostri,nostri,noster,PR,n0569,*,Ps-
nostri,nostri,noster,N2,55514,m,NpB
nostrum,nostrum,nos,PR,n0773,,Pq-
nostrum,nostrum,noster,PR,n0569,*,Ps-
nostrum,nostrum,noster,N2,55514,m,NpB
nouorum,nouorum,nouus,N2/1,n0587,*,Af-
nouorum,nouorum,nouus,N2/1,55653,*,Af-
nullamque,nullamque,nullus,PR,n0776,*,Pu-
nullas,nullas,nullus,PR,n0776,*,Pu-
nullum,nullum,nullus,PR,n0776,*,Pu-
nullus,nullus,nullus,PR,n0776,*,Pu-
numerabiles,numerabiles,numerabilis,N3A,n0652,*,Af-
numerabilium,numerabilium,numerabilis,N3A,n0652,*,Af-
numeri,numeri,numerius,N2/1,n0657,*,Af-
numeri,numeri,numerus,N2,n0662,m,NcB
numeri,numeri,numerius,N2/1,55805,*,Af-
numerosam,numerosam,numerosus,N2/1,n0661,*,Af-
numerositas,numerositas,numerositas,N3B,n0660,f,NcC
nusquam,nusquam,nusquam,I,n0784,,X--
obtinebunt,obtinebunt,obtineo,V2,o0309,,VmG
occurrit,occurrit,occurro,V3,o0420,,VmH
occurrit,occurrit,occurro,V3,o0420,,VmH
offerendam,offerendam,offero,VA,o0573,,VmN
offerendam,offerendam,offero,VA,o0573,,VmN
offerendam,offerendam,offero,VA,o0573,,VmN
offerendam,offerendam,offero,VA,o0573,,VmN
offerendam,offerendam,offero,VA,o0573,,VmN
offerendam,offerendam,offero,VA,o0573,,VmN
offerendam,offerendam,offero,VA,o0573,,VmN
offerendam,offerendam,offero,VA,o0573,,VmN
omiserit,omiserit,omitto,V3,o0699,,VmH
omnem,omnem,omnis,N3A,o0723,*,Au-
omnes,omnes,omnis,N3A,o0723,*,Au-
omnia,omnia,omnis,N3A,o0723,*,Au-
omniaque,omniaque,omnis,N3A,o0723,*,Au-
omnium,omnium,omnis,N3A,o0723,*,Au-
operationis,operationis,operatio,N3B,o0785,f,NcC
operis,operis,opera,N1,o0783,f,NcA
operis,operis,operio,V4,o0792,,VmL
operis,operis,opus,N3B,o0918,n,NcC
operis,operis,opera,N1,57726,f,NpA
opinantibus,opinantibus,opinor/-o,V1,o0831,,VmF
opitulante,opitulante,opitulor/-o,V1,o0843,,VmF
oportebat,oportebat,oportet,V2,o0853,,VmG
oportebit,oportebit,oportet,V2,o0853,,VmG
optime,optime,optimus,N2/1,o0905,*,Af-
optime,optime,optimus,N2/1,58063,*,Af-
ostendant,ostendant,ostendo,V3,o1095,,VmH
paene,paene,paene,I,p0049,,X--
partem,partem,pars,N3B,p0441,f,NcC
partibus,partibus,pars,N3B,p0441,f,NcC
partibus,partibus,partus,N4,p9876,m,NcD
passionemque,passionemque,passio,N3B,p0511,f,NcC
patet,patet,pateo,V2,p0549,,VmG
pati,pati,patior/-io,V5,p0566,,VmM
pati,pati,patius,N2,60347,m,NpB
perfecti,perfecti,perficio,V5,p1111,,VmM
perfecti,perfecti,perfectum,N2,p9881,n,NcB
perficere,perficere,perficio,V5,p1111,,VmM
permanens,permanens,permaneo,V2,p1338,,VmG
permiserint,permiserint,permitto,V3,p1367,,VmH
perpetuum,perpetuum,perpetuus,N2/1,p1484,*,Af-
perpetuum,perpetuum,perpetuum,N2,p1484,n,NcB
perpetuum,perpetuum,perpetuus,N2/1,62006,*,Af-
personarum,personarum,persona,N1,p1597,f,NcA
personarum,personarum,personus,N2/1,p1606,*,Af-
perspiciuntur,perspiciuntur,perspicio,V5,p1618,,VmM
perspicue,perspicue,perspicuus,N2/1,p1620,*,Af-
philosophiae,philosophiae,philosophia,N1,p1913,f,NcA
philosophiae,philosophiae,philosophia,N1,63070,f,NpA
philosophos,philosophos,philosophus,N2,p2261,m,NcB
philosophos,philosophos,philosophus,N2/1,p2002,*,Af-
pluralitatemque,pluralitatemque,pluralitas,N3B,p2387,f,NcC
pluralitatis,pluralitatis,pluralitas,N3B,p2387,f,NcC
pollet,pollet,polleo,V2,p2463,,VmG
ponentibus,ponentibus,pono,V3,p2562,,VmH
positis,positis,pono,V3,p2562,,VmH
possidens,possidens,possideo,V2,p2695,,VmG
possidens,possidens,possido,V3,p2696,,VmH
possit,possit,pono,V3,p2562,,VmH
possit,possit,possum,VA,p2697,,VmN
possumus,possumus,possum,VA,p2697,,VmN
poterit,poterit,possum,VA,p2697,,VmN
poterunt,poterunt,possum,VA,p2697,,VmN
potestas,potestas,potestas,N3B,p2768,f,NcC
potestas,potestas,potestas,N3B,65113,f,NpC
praecepta,praecepta,praeceptum,N2,p2785,n,NcB
praecepta,praecepta,praecepto,V1,p2829,,VmF
praecepta,praecepta,praecipio,V5,p2843,,VmM
praedicamentum,praedicamentum,praedicamentum,N2,p2923,n,NcB
praedicatione,praedicatione,praedicatio,N3B,p2924,f,NcC
praedicatione,praedicatione,praedicatio,N3B,p2924,f,NcC
praedicationes,praedicationes,praedicatio,N3B,p2924,f,NcC
praedicationibus,praedicationibus,praedicatio,N3B,p2924,f,NcC
praedicationum,praedicationum,praedicatio,N3B,p2924,f,NcC
praedicauerim,praedicauerim,praedico,V1,p2928,,VmF
praedicetur,praedicetur,praedico,V1,p2928,,VmF
praedicetur,praedicetur,praedico,V3,p2929,,VmH
praemiserimus,praemiserimus,praemitto,V3,p3124,,VmH
praesens,praesens,praesum,VA,p3345,,VmN
praesenti,praesenti,praesentio,V4,p3276,,VmL
praesenti,praesenti,praesum,VA,p3345,,VmN
praesentis,praesentis,praesentio,V4,p3276,,VmL
praesentis,praesentis,praesum,VA,p3345,,VmN
praestitimus,praestitimus,praesto,V1,p3327,,VmF
praeterito,praeterito,praetereo,VA,p3372,,VmN
praeterito,praeterito,praetereo,VA,p3372,,VmN
praeterito,praeterito,praetero,V3,p3388,,VmH
praeterquam,praeterquam,praeterquam,I,p5519,,X--
principium,principium,princeps,N3A,p3563,*,Af-
principium,principium,principium,N2,p3568,n,NcB
principium,principium,principium,N2,p4684,n,NcB
principium,principium,principius,N2,66473,m,NpB
prioribus,prioribus,prior,N3A,p3572,*,Ao-
prius,prius,prior,N3A,p3572,*,Af-
pro,pro,pro,I,p3593,,X--
pro,pro,pro,I,p2610,,X--
processisse,processisse,procedo,V3,p3639,,VmH
proculcanda,proculcanda,proculco,V1,p3687,,VmF
productio,productio,productio,N3B,p3736,f,NcC
proferuntur,proferuntur,profero,VA,p3756,,VmN
proiecerit,proiecerit,proicio,V5,p3816,,VmM
pronuntiationis,pronuntiationis,pronuntiatio,N3B,p3928,f,NcC
proponimus,proponimus,propono,V3,p4008,,VmH
propriam,propriam,proprius,N2/1,p4025,*,Af-
proprietate,proprietate,proprietas,N3B,p4022,f,NcC
proprietatem,proprietatem,proprietas,N3B,p4022,f,NcC
propter,propter,propter,I,p4027,,X--
propterea,propterea,propterea,I,p5011,,X--
pulcherrimum,pulcherrimum,pulcher,N2/1,p4435,*,Af-
quaeri,quaeri,quaero,V3,q0096,,VmH
quaestio,quaestio,quaestio,N3B,q0101,f,NcC
quaestionem,quaestionem,quaestio,N3B,q0101,f,NcC
quaestionem,quaestionem,quaestiono,V1,q9103,,VmF
quaestionis,quaestionis,quaestio,N3B,q0101,f,NcC
qualem,qualem,qualis,PR,q0113,*,P5-
qualia,qualia,qualis,PR,q0113,*,P5-
quantitas,quantitas,quantitas,N3B,q0131,f,NcC
quidam,quidam,quidam,PR,q9202,,Pu-
quiddam,quiddam,quidam,PR,q9202,,Pu-
quidquam,quidquam,quisquam,PR,q9204,,Pu-
quidque,quidque,quisque,PR,q9209,,P2-
quisquam,quisquam,quisquam,PR,q9204,,Pu-
quocumque,quocumque,quicumque,PR,q9207,,P2-
quocumque,quocumque,quis,PR,q0198,,P4-
quocumque,quocumque,cum,I,c4579,,X--
quocumque,quocumque,qui,PR,q9410,,P7-
quocumque,quocumque,cum,I,c4579,,X--
quodlibet,quodlibet,quilibet,PR,q9206,,Pu-
quoquo,quoquo,quisquis,PR,q9211,,P2-
quoquo,quoquo,coquo,V3,c3991,,VmH
quoquo,quoquo,coquus/-os,N2,c3992,m,NcB
quorum,quorum,quis,PR,q0198,,P4-
quorum,quorum,qui,PR,q9410,,P7-
quotlibet,quotlibet,quotlibet,N,q0326,,A-P
quousque,quousque,quo-usque,I,q9404,,X--
raris,raris,rarus,N2/1,r0082,*,Af-
ratio,ratio,ratio,N3B,r0095,f,NcC
rationabiliter,rationabiliter,rationabilis,N3A,r0101,*,Af-
rationibus,rationibus,ratio,N3B,r0095,f,NcC
rationum,rationum,ratio,N3B,r0095,f,NcC
referri,referri,refero,VA,r1111,,VmN
refert,refert,refert,VA,r1112,,VmN
refert,refert,refero,VA,r1111,,VmN
referuntur,referuntur,refero,VA,r1111,,VmN
regulae,regulae,regula,N1,r0317,f,NcA
regulae,regulae,regula,N1,r0320,f,NcA
regularum,regularum,regularis,N3A,r0318,*,Af-
regularum,regularum,regula,N1,r0317,f,NcA
regularum,regularum,regula,N1,r0320,f,NcA
relatiuis,relatiuis,relatiuus,N2/1,r0328,*,Af-
reliquarum,reliquarum,reliquus,N2/1,r0123,*,Au-
remeabit,remeabit,remeo,V1,r1203,,VmF
repetitionem,repetitionem,repetitio,N3B,r0438,f,NcC
repetitur,repetitur,repeto,V3,r1275,,VmH
requirentibus,requirentibus,requiro,V3,r1315,,VmH
requiri,requiri,requiro,V3,r1315,,VmH
reuerentiam,reuerentiam,reuerentia,N1,r7009,f,NcA
salutem,salutem,salus,N3B,s0233,f,NcC
salutem,salutem,saluto,V1,s0245,,VmF
sancto,sancto,sancio,V4,s0267,,VmL
satis,satis,satis,I,s0428,,X--
satis,satis,sero,V3,s1384,,VmH
satis,satis,satum,N2,s9949,n,NcB
sciendum,sciendum,scio,V4,s0654,,VmL
sciendum,sciendum,scio,V4,s0654,,VmL
scilicet,scilicet,scilicet,V,s0640,,I--
scriptis,scriptis,scribo,V3,s0758,,VmH
scriptis,scriptis,scriptum,N2,s9951,n,NcB
segnities,segnities,segnities,N5,s0946,f,NcE
semina,semina,semen,N3B,s0991,n,NcC
semina,semina,semino,V1,s1095,,VmF
sempiternitas,sempiternitas,sempiternitas,N3B,s1190,f,NcC
sempiternitatem,sempiternitatem,sempiternitas,N3B,s1190,f,NcC
sententia,sententia,sententia,N1,s1232,f,NcA
sententiae,sententiae,sententia,N1,s1232,f,NcA
sententiam,sententiam,sententia,N1,s1232,f,NcA
sententiarum,sententiarum,sententia,N1,s1232,f,NcA
separabilis,separabilis,separabilis,N3A,s1252,*,Af-
separatim,separatim,separatim,I,s1253,,X--
separemus,separemus,separo,V1,s1259,,VmF
separemus,separemus,separo,V1,s1259,,VmF
seruata,seruata,seruo,V1,s1428,,VmF
seruo,seruo,seruo,V1,s1428,,VmF
seruo,seruo,seruus/-os,N2,s1432,m,NcB
seruo,seruo,seruus,N2/1,s1432,*,Af-
seruorum,seruorum,seruus/-os,N2,s1432,m,NcB
seruorum,seruorum,seruus,N2/1,s1432,*,Af-
sic,sic,sic,I,s1555,,X--
siccitatem,siccitatem,siccitas,N3B,s1568,f,NcC
sicut,sicut,sicut,I,s1588,,X--
significat,significat,significo/-or,V1,s1623,,VmF
significationem,significationem,significatio,N3B,s1619,f,NcC
significationibus,significationibus,significatio,N3B,s1619,f,NcC
similem,similem,similis/simil,N3A,s1685,*,Af-
similem,similem,simulo,V1,s1722,,VmF
similem,similem,similis,N3B,76433,m,NpC
simili,simili,similis/simil,N3A,s1685,*,Af-
simili,simili,simile,N3B,s1685,n,NcC
simili,simili,similis,N3B,76433,m,NpC
similis,similis,simila,N1,s1679,f,NcA
similis,similis,similis/simil,N3A,s1685,*,Af-
similis,similis,simile,N3B,s1685,n,NcC
similis,similis,similis,N3B,76433,m,NpC
simplici,simplici,simplex,N3A,s1698,*,Af-
simplici,simplici,simplicii,N2,s1699,m,NcB
simplici,simplici,simplicius,N2,76482,m,NpB
singillatim,singillatim,singillatim,I,s1740,,X--
singulariter,singulariter,singularis,N3A,s1742,*,Af-
soles,soles,sol,N3B,s1867,m,NcC
soles,soles,soleo,V2,s1890,,VmG
soles,soles,solo,V1,s1932,,VmF
soles,soles,sol,N3B,77007,m,NpC
solitarie,solitarie,solitarius,N2/1,s1911,*,Af-
species,species,species,N5,s2098,f,NcE
species,species,specio,V5,s2104,,VmM
speculatiuae,speculatiuae,speculatiuus,N2/1,s2127,*,Af-
speculatur,speculatur,speculor,V1,s2132,,VmF
speculemur,speculemur,speculor,V1,s2132,,VmF
sperare,sperare,spero,V1,s2147,,VmF
spiritu,spiritu,spiritus,N4,s2214,m,NcD
sponte,sponte,spons,N3B,s2271,f,NcC
sponte,sponte,spons,N3B,s2271,f,NcC
statua,statua,statua,N1,s2396,f,NcA
statua,statua,statua,N1,78301,f,NpA
statuet,statuet,statuo,V3,s2405,,VmH
stet,stet,sto,V1,s1430,,VmF
stilo,stilo,stilo,N3B,78508,m,NpC
stilo,stilo,stilo,V1,s2479,,VmF
stilo,stilo,stilus,N2,s2480,m,NcB
stilum,stilum,stilus,N2,s2480,m,NcB
studiosus,studiosus,studiosus,N2/1,s2658,*,Af-
suae,suae,suus/-os,PR,s3894,*,Ps-
suae,suae,suae,N1,78976,f,NpA
subiectis,subiectis,subicio,V5,s2872,,VmM
subiectis,subiectis,subiectum,N2,s9969,n,NcB
subiecto,subiecto,subicio,V5,s2872,,VmM
subiecto,subiecto,subiecto,V1,s2877,,VmF
subiecto,subiecto,subiectum,N2,s9969,n,NcB
subiectorum,subiectorum,subiector,N3B,s2878,m,NcC
subiectorum,subiectorum,subicio,V5,s2872,,VmM
subiectorum,subiectorum,subiectum,N2,s9969,n,NcB
subiectus,subiectus,subicio,V5,s2872,,VmM
subiectus,subiectus,subiectus,N4,s9969,m,NcD
subintrat,subintrat,subintro,V1,s2897,,VmF
sublata,sublata,suffero,VA,s3345,,VmN
sublata,sublata,tollo,V3,t0780,,VmH
sublato,sublato,suffero,VA,s3345,,VmN
sublato,sublato,tollo,V3,t0780,,VmH
submouimus,submouimus,submoueo,V2,s2984,,VmG
substantiae,substantiae,substantia,N1,s7603,f,NcA
substantialibus,substantialibus,substantialis,N3A,s3143,*,Af-
substantialis,substantialis,substantialis,N3A,s3143,*,Af-
subtilitas,subtilitas,subtilitas,N3B,s3213,f,NcC
subtrahit,subtrahit,subtraho,V3,s3219,,VmH
sumamus,sumamus,sumo,V3,s3452,,VmH
sumpsimus,sumpsimus,sumo,V3,s3452,,VmH
sumpta,sumpta,sumo,V3,s3452,,VmH
supplebunt,supplebunt,suppleo,V2,s3766,,VmG
sursum,sursum,sursum,I,s3832,,X--
suscipere,suscipere,suscipio,V5,s3844,,VmM
suscipiatur,suscipiatur,suscipio,V5,s3844,,VmM
suum,suum,sus/suis,N3B,s3834,2,NcC
suum,suum,suus/-os,PR,s3894,*,Ps-
tale,tale,talis,PR,t0070,*,Pu-
tale,tale,talus,N2,t0076,m,NcB
tale,tale,talus,N2,82150,m,NpB
talem,talem,talis,PR,t0070,*,Pu-
talibus,talibus,talis,PR,t0070,*,Pu-
talis,talis,talis,PR,t0070,*,Pu-
talis,talis,talla,N1,t0072,f,NcA
talis,talis,talus,N2,t0076,m,NcB
talis,talis,talus,N2,82150,m,NpB
tantumque,tantumque,tantus,PR,t0106,*,Pu-
tantumque,tantumque,tantus,PR,t0106,*,Pu-
temporis,temporis,tempus,N3B,t0008,n,NcC
temporis,temporis,tempus,N3B,t0264,n,NcC
temptare,temptare,tempto,V1,t0263,,VmF
terminos,terminos,terminus,N2,t0361,m,NcB
terminos,terminos,terminus,N2,83097,m,NpB
terram,terram,terra,N1,t0372,f,NcA
terram,terram,terra,N1,83120,f,NpA
terrenus,terrenus,terrenus,N2/1,t0377,*,Af-
theologica,theologica,theologicus,N2/1,t0558,*,Af-
tot,tot,tot,PR,t0885,,PuP
tota,tota,to"tus,PR,t0891,*,Pu-
tota,tota,to'tus,N2/1,t9931,*,Au-
tractatibus,tractatibus,tractatus,N4,t9920,m,NcD
traduntur,traduntur,trado,V3,t0926,,VmH
tribus,tribus,tribus,N4,t1185,f,NcD
tribus,tribus,tres/-is,N3A,t1158,*,An-
trina,trina,trinus,N2/1,t1309,*,Af-
trinitas,trinitas,trinitas,N3B,t1311,f,NcC
trinitate,trinitate,trinitas,N3B,t1311,f,NcC
tullius,tullius,tullius,N2/1,86289,*,Af-
tullius,tullius,tullius,N2,t1719,m,NcB
tullius,tullius,tullius,N2/1,86289,*,Af-
ualet,ualet,ualeo,V2,u0050,,VmG
uariantes,uariantes,uario,V1,u0119,,VmF
uariare,uariare,uario,V1,u0119,,VmF
uarietas,uarietas,uarietas,N3B,u0118,f,NcC
uelo,uelo,uelo,V1,u0248,,VmF
uelo,uelo,uelum,N2,u0251,n,NcB
uenerunt,uenerunt,uenio,V4,u0300,,VmL
ueniam,ueniam,uenia,N1,u0296,f,NcA
ueniam,ueniam,uenio,V4,u0300,,VmL
uenientia,uenientia,uenio,V4,u0300,,VmL
uenire,uenire,ueneo,VA,u0284,,VmN
uenire,uenire,ueneo,VA,u0284,,VmN
uenire,uenire,ueneo,VA,u0284,,VmN
uenire,uenire,uenio,V4,u0300,,VmL
uerborum,uerborum,uerbum/-us,N2,u9363,1,NcB
ueritas,ueritas,ueritas,N3B,u0381,f,NcC
ueritas,ueritas,uereor,V2,u0369,,VmG
uersari,uersari,uerso,V1,u0438,,VmF
uerterit,uerterit,uerto,V3,u0459,,VmH
uestitus,uestitus,uestitus,N4,u9983,m,NcD
uestitus,uestitus,uestio,V4,u0512,,VmL
uestrae,uestrae,uester,PR,u0496,*,Ps-
uia,uia,uia,N1,u0558,f,NcA
uia,uia,uio,V1,u0730,,VmF
uia,uia,uia,N1,89184,f,NpA
uideamus,uideamus,uideo,V2,u0626,,VmG
uideatur,uideatur,uideo,V2,u0626,,VmG
uidentur,uidentur,uideo,V2,u0626,,VmG
uix,uix,uix,I,u0915,,X--
ulla,ulla,ullus,PR,u0930,*,Pu-
ulla,ulla,ulla,N1,86822,m,NpA
umquam,umquam,umquam,I,u1000,,X--
unde,unde,unde,I,u1031,,X--
unitate,unitate,unitas,N3B,u1119,f,NcC
unitatem,unitatem,unitas,N3B,u1119,f,NcC
unitates,unitates,unitas,N3B,u1119,f,NcC
uniuersalis,uniuersalis,uniuersalis,N3A,u1121,*,Af-
uniuersaliter,uniuersaliter,uniuersalis,N3A,u1121,*,Af-
uniuersalium,uniuersalium,uniuersalis,N3A,u1121,*,Af-
uno,uno,uno,V1,u1131,,VmF
uno,uno,unus,N2/1,u1136,*,An-
unumquodque,unumquodque,unus-quisque,PR,u7502,,Pu-
uobisque,uobisque,uos,PR,u1223,,Pq-
uocabatur,uocabatur,uaco,V1,u0013,,VmF
uocabatur,uocabatur,uoco,V1,u1152,,VmF
uocabulis,uocabulis,uocabulum,N2,u1138,n,NcB
uocabulum,uocabulum,uocabulum,N2,u1138,n,NcB
uocantes,uocantes,uoco,V1,u0013,,VmF
uocantes,uocantes,uaco,V1,u0013,,VmF
uocantes,uocantes,uoco,V1,u1152,,VmF
uocantur,uocantur,uoco,V1,u1152,,VmF
uocatur,uocatur,uaco,V1,u0013,,VmF
uocatur,uocatur,uoco,V1,u1152,,VmF
uocentur,uocentur,uoco,V1,u1152,,VmF
uota,uota,ueto,V1,u0539,,VmF
uota,uota,uoueo,V2,u1227,,VmG
uota,uota,uotum/-us,N2,u9882,1,NcB
usurpant,usurpant,usurpo,V1,u1317,,VmF
uterque,uterque,uterque,PR,u9203,,Pu-
uterque,uterque,uter/utris,N3B,u1322,m,NcC
uterque,uterque,uterus/-um/uter,N2,u1324,1,NcB
utra,utra,uter,PR,u1323,*,P7-
utriusque,utriusque,uterque,PR,u9203,,Pu-
utrum,utrum,uter,PR,u1323,*,P7-
utrum,utrum,uter/utris,N3B,u1322,m,NcC
utrum,utrum,uter,PR,u1323,*,P7-
utrumne,utrumne,uter,PR,u1323,*,P7-
utrumne,utrumne,uter/utris,N3B,u1322,m,NcC
utrumne,utrumne,uter,PR,u1323,*,P7-
uulgi,uulgi,uulgus,N2,u1365,,NcB
vobis,uobis,uos,PR,u1223,,Pq-
